Andorra,hic
Antigua and Barbuda,hic
Argentina,hic
Aruba,hic
Australia,hic
Austria,hic
Bahamas The,hic
Bahrain,hic
Barbados,hic
Belgium,hic
Bermuda,hic
Brunei Darussalam,hic
Canada,hic
Cayman Islands,hic
Channel Islands,hic
Chile,hic
Chinese Taiwan,hic
Croatia,hic
CuraÌ¤ao,hic
Cyprus,hic
Czech Republic,hic
Denmark,hic
Equatorial Guinea,hic
Estonia,hic
Faeroe Islands,hic
Finland,hic
France,hic
French Polynesia,hic
Germany,hic
Greece,hic
Greenland,hic
Guam,hic
Hong Kong SAR China,hic
Hungary,hic
Iceland,hic
Ireland,hic
Isle of Man,hic
Israel,hic
Italy,hic
Japan,hic
Korea Rep.,hic
Kuwait,hic
Latvia,hic
Liechtenstein,hic
Lithuania,hic
Luxembourg,hic
Macao SAR China,hic
Malta,hic
Martinique,hic
Mayotte,hic
Monaco,hic
Netherlands,hic
New Caledonia,hic
India,hic
New Zealand,hic
Northern Mariana Islands,hic
Norway,hic
Oman,hic
Poland,hic
Portugal,hic
Puerto Rico,hic
Qatar,hic
Russian Federation,hic
San Marino,hic
Saudi Arabia,hic
Seychelles,hic
Singapore,hic
Sint Maarten (Dutch part),hic
Slovak Republic,hic
Slovenia,hic
Spain,hic
St. Kitts and Nevis,hic
St. Martin (French part),hic
Sweden,hic
Switzerland,hic
Trinidad and Tobago,hic
Turks and Caicos Islands,hic
United Arab Emirates,hic
United Kingdom,hic
United States,hic
Venezuela,hic
Uruguay,hic
Virgin Islands (U.S.),hic